epoch,val_accuracy,reward,learning_rate,batch_size,dropout
1,0.825800002,82.58000016,0.001,64,0.5
2,0.859399974,3.359997272,0.0005,64,0.5
3,0.859399974,0,0.0005,64,0.6
4,0.85860002,-0.079995394,0.0001,32,0.6
5,0.852800012,-0.580000877,0.0001,32,0.6
