step,epoch,train_loss,train_accuracy,val_loss,val_accuracy,reward,best_val_accuracy,learning_rate,droupout
1,1,0.4755406677722931,0.7618499994277954,0.33544760942459106,0.8543999791145325,85.43999791145325,0.8543999791145325,0.001,64,0.5
2,2,0.27214306592941284,0.8972499966621399,0.3271085321903229,0.8618000149726868,0.7400035858154297,0.8618000149726868,0.001,64,0.5
