epoch,train_loss,train_accuracy,val_loss,val_accuracy
1,0.4797321856021881,0.7627999782562256,0.32471591234207153,0.8658000230789185
2,0.27305132150650024,0.895799994468689,0.35679253935813904,0.8424000144004822
