epoch,train_loss,train_accuracy,val_loss,val_accuracy
1,0.4664924442768097,0.771049976348877,0.3356994688510895,0.8600000143051147
2,0.2756385803222656,0.8944000005722046,0.31675902009010315,0.8658000230789185
