epoch,train_loss,train_accuracy,val_loss,val_accuracy
1,0.4767041504383087,0.7580500245094299,0.36755624413490295,0.8392000198364258
2,0.2776017189025879,0.8956500291824341,0.35356536507606506,0.8596000075340271
