epoch,train_loss,train_accuracy,val_loss,val_accuracy
1,0.4376048743724823,0.7893000245094299,0.32236534357070923,0.8629999756813049
2,0.2360733449459076,0.912850022315979,0.32957392930984497,0.8754000067710876
